,name,atqui,autem,avtem,certe,ceu,confestim,cum,cvm,dehinc,deinceps,demum,denique,eciam,enim,ergo,etiam,exinde,forsan,forsitan,fortassis,ideo,igitur,igitvr,itaque,itaqve,iterum,itervm,mox,multotiens,multoties,nam,namque,nempe,nimirum,praecipue,precipue,puta,pvta,quando,quemadmodum,quia,quippe,quod,quoniam,quoque,qvando,qvia,qvod,qvoniam,rursum,rursus,rvrsvm,sane,scilicet,sepe,sicut,sicvt,siquidem,siqvidem,tamquam,tamqvam,tanquam,uelut,ueluti,uero,uidelicet,ut,utique,velut,veluti,velvt,vero,videlicet,vt,vtiqve
0,BurCom,0.0,0.024964449895285734,0.0,0.013456811200107683,0.007270873431785193,0.01273033458894451,0.01845339183078536,0.0,0.008992521099672086,0.02169573391795843,0.008992521099672086,0.03334471967205495,0.0,0.022188625651838313,0.009579027890998288,0.008767721543157482,0.0,0.0,0.01674033992361173,0.0,0.011507455511848935,0.01988213425217911,0.0,0.011618184108303845,0.0,0.0,0.0,0.012855263987102534,0.020205786539478812,0.0,0.0,0.0,0.02044099470599122,0.0278280131356839,0.0,0.0,0.023755055156334564,0.0,0.01514161504336787,0.019578578316776916,0.017210494606787783,0.01969813211017865,0.020304031511585694,0.02004691026569924,0.0,0.0,0.0,0.0,0.0,0.0,0.02659512576665654,0.0,0.0,0.0201258979122979,0.006351967337856557,0.013624116186594745,0.0,0.020449316402751546,0.0,0.0,0.0,0.0,0.0,0.0,0.0,0.0,0.020451254447381745,0.02365467810309722,0.025445312012759392,0.0,0.0,0.021717936596805307,0.006778489607276101,0.0,0.0
1,AristPha,0.03535224885550378,0.018851242639519785,0.0,0.025051750284004946,0.023723851813062264,0.005270604214184136,0.017728344452086077,0.0,0.018644823596581643,0.017878705288240402,0.021200694217241453,0.0,0.06127784862140427,0.018876776439869635,0.02224034609762731,0.0,0.008091272208778262,0.01930815724609365,0.01808555442855106,0.012768479865200423,0.005417409869709106,0.018851242639519785,0.0,0.02003814217919794,0.0,0.018064961437778356,0.0,0.00824087534588546,0.0,0.0,0.02104700206403455,0.025075479089737767,0.03535872883984574,0.01930815724609365,0.0,0.02617252141193492,0.0,0.0,0.014959490498096502,0.017331988426363906,0.014438519481853254,0.034780866822642975,0.019030569531636742,0.022328143278292814,0.040045369792156935,0.0,0.0,0.0,0.0,0.01732067598093776,0.011369042925323435,0.0,0.034840641417094954,0.01685130533100137,0.010625455815190688,0.0036300059351378196,0.0,0.020789576706186808,0.0,0.021796553242210293,0.0,0.0,0.0,0.0,0.0,0.0,0.017062267768000326,0.02115172546439284,0.02598410274249353,0.020195128802317115,0.0,0.02337816365175304,0.011338934535539639,0.0,0.0
2,BurInt,0.0,0.014312933990101457,0.0,0.0031173089543299875,0.011220863656349785,0.014601309627876495,0.012868234247671171,0.0,0.0049709931909045655,0.014808726183848032,0.032800710628896085,0.02786326282840808,0.0,0.01267118816316707,0.007044155375926268,0.007662383744491899,0.0,0.0,0.0,0.014982867242115838,0.0030311595428152024,0.01253793707424279,0.0,0.010573061778343598,0.0,0.0,0.0,0.010438995865876556,0.015751217000650727,0.0,0.019226400061487244,0.0035113163522612757,0.0,0.023761219214583355,0.0,0.00841662310576275,0.011792337479045715,0.0,0.009860956813460128,0.013476142492017925,0.010493656241630837,0.01599568238115911,0.012349326372979436,0.012493085477945672,0.010888968678295042,0.0,0.0,0.0,0.0,0.0,0.01615830323461207,0.0,0.004019280235289198,0.010513101825435663,0.0059451753818852105,0.01071726702068267,0.0,0.006188846592364661,0.0,0.0,0.0,0.0,0.0,0.0,0.0,0.0,0.012304735299240907,0.012923626950826234,0.012021063118206244,0.004735215117819918,0.0,0.017732679595260453,0.014363412352674649,0.0,0.0
3,AnonMetaph,0.02099487001983028,0.021091554628475156,0.0,0.008099274092111858,0.006167651484866928,0.0,0.015158446240651118,0.0,0.0,0.012297350542753839,0.0,0.0,0.0,0.021723122278166015,0.02540220578262613,0.015182106200104729,0.0,0.03412446434650548,0.0,0.0052239092423710404,0.01754768361608068,0.01672404055366959,0.0,0.012075292778182431,0.0,0.015510495697209234,0.0,0.0,0.012636654635020766,0.0,0.03440303840583438,0.03357428852837294,0.0,0.0,0.0,0.0,0.004651364065379128,0.0,0.01700314845417188,0.016924979541272766,0.021052869274920026,0.0,0.019176978428035257,0.019245386511577714,0.026196622661213843,0.0,0.0,0.0,0.0,0.011099523840729904,0.004651364065379128,0.0,0.0,0.010798739349129146,0.01130768516830951,0.017406707133505128,0.0,0.0,0.0,0.020865866973556486,0.0,0.0,0.0,0.0,0.0,0.0,0.020901661422810046,0.0,0.016740928204506064,0.024690008554287633,0.0,0.027833236859233872,0.0,0.0,0.0
4,BurEthN,0.0,0.04718669786162487,0.0,0.012668023393210328,0.0,0.0,0.021635619227036225,0.0,0.0,0.0,0.0,0.0,0.0,0.04199831558652674,0.01025368422319312,0.0,0.0,0.0,0.0584354745094057,0.0,0.03214287899337029,0.032323671081145144,0.0,0.0,0.0,0.0,0.0,0.0,0.0,0.0,0.0,0.0,0.0,0.0,0.0,0.0,0.03628752115358779,0.0,0.008062433956247903,0.03565114824303937,0.026798440882087677,0.0,0.0367894881909435,0.03316699033637491,0.0,0.0,0.0,0.0,0.0,0.0,0.03214287899337029,0.0,0.0,0.0,0.0,0.008253790586954532,0.0,0.0,0.0,0.0,0.0,0.0,0.0,0.0,0.0,0.0,0.027070015689652425,0.0443518343972672,0.0,0.0,0.0,0.03802843488347195,0.0,0.0,0.0
5,BarMor,0.0,0.031054889095413048,0.0,0.01475755079134256,0.0,0.018571959670035602,0.0179429520756278,0.0,0.0,0.0,0.0,0.0,0.0,0.029673325181775023,0.031176158767855844,0.0077574927070129165,0.032651962115171095,0.0,0.0,0.033798479218220434,0.0,0.02535935946153394,0.0,0.005552073631187451,0.0,0.022495738830449467,0.0,0.0,0.020161203474272173,0.0,0.0,0.020668985231511037,0.0,0.0,0.0,0.0,0.03859473885246652,0.0,0.02322618358442268,0.020948022584715148,0.017434255747647037,0.0,0.026177610239318954,0.02692186205014061,0.0,0.0,0.0,0.0,0.0,0.0,0.02323384100162744,0.0,0.009066726502306135,0.0,0.0,0.023340759292632376,0.0,0.0,0.0,0.00665242112536683,0.0,0.0,0.0,0.0,0.0,0.0,0.02101753981271964,0.03248052952160646,0.0,0.0,0.0,0.02253514178045197,0.0,0.0,0.0
6,AristMet,0.03418618584594364,0.027800901606508607,0.0,0.02853140093113147,0.0471098262592002,0.0,0.023459492209662147,0.0,0.01544425349185099,0.015100122907526242,0.0,0.0,0.0,0.029224000196311512,0.02731906497532996,0.018589499018782617,0.0,0.023815098270048216,0.0,0.0,0.031101874527482663,0.025577974028139966,0.0,0.02835452310158383,0.0,0.0117469051516819,0.0,0.0,0.014704814378035225,0.0,0.03658736203032616,0.0396992780967825,0.0545517982973772,0.050143082804894934,0.0,0.026149394255580598,0.0,0.0,0.017208337350196626,0.0304524103957524,0.0169305241245218,0.042817129643598094,0.026835783743732026,0.03179665571645648,0.0590588654125125,0.0,0.0,0.0,0.0,0.0159451004844802,0.0,0.0,0.055765432701464834,0.009162231462524607,0.0,0.01761676605463827,0.0,0.03266289116524097,0.0,0.015513006368411162,0.0,0.0,0.06260204017589285,0.043116640931033456,0.07002693114153966,0.0,0.02694661272999308,0.02671769207525622,0.0,0.0,0.0,0.0,0.0,0.0,0.0
7,BarMirab,0.0,0.03349747355633506,0.0,0.008509496224991716,0.0,0.0224739549951871,0.018293231540498202,0.0,0.0,0.0,0.0,0.02297533661082366,0.0,0.01995317792677731,0.0,0.009387353034918918,0.032248155851635894,0.0,0.0,0.0,0.0,0.013772818491180791,0.0,0.0,0.0,0.02071280848346965,0.0,0.0,0.007630712390904685,0.0,0.0,0.009585040713662951,0.0,0.0,0.0,0.0,0.0,0.0,0.026709691806151376,0.0,0.014097079668370961,0.0,0.027159206137724046,0.0,0.0,0.0,0.0,0.0,0.0,0.0,0.0,0.0,0.0,0.008050104331302346,0.0,0.022153626049488326,0.0,0.0,0.0,0.008050104331302346,0.0,0.0,0.0,0.0,0.04909281713829205,0.0,0.02137167071392346,0.01481217179295818,0.0,0.0,0.0,0.0,0.0,0.0,0.0
8,WilMet,0.0,0.02557483902099522,0.0,0.0053649362214187625,0.0,0.005075305890184593,0.018127940262705606,0.0,0.0,0.004940225054708622,0.0,0.0,0.0,0.023173372064249825,0.007352420835356262,0.012181486878920204,0.0,0.0,0.006674007287426941,0.0,0.0,0.01978567550946107,0.0,0.018350447333558183,0.0,0.019381308614825853,0.0,0.01223002707809441,0.008145551804947412,0.0,0.0,0.0,0.0,0.0,0.0,0.0,0.021573515936180142,0.0,0.016487197112524336,0.016501365220735083,0.018605270133555334,0.0,0.021422859970921835,0.018479582826859863,0.0,0.0,0.0,0.0,0.0,0.0052166717711955675,0.0,0.0,0.0,0.008593239858445328,0.027528100250895325,0.020141671853696537,0.0,0.01324369560704778,0.0,0.02098889815292953,0.0,0.0,0.043069905429011617,0.0,0.02325829237668772,0.0,0.01849909995567191,0.019682494838127663,0.009625724070897582,0.0,0.0,0.0,0.0,0.015278267612661513,0.0
9,JamPhys,0.0,0.02885814494283573,0.0,0.0,0.0,0.0,0.0224196123983415,0.0,0.0,0.0,0.0,0.0,0.0,0.027388839135604838,0.026065869164985253,0.017303358339222565,0.0,0.0,0.012358150928765741,0.025602200238805037,0.0,0.023996071650366144,0.0,0.018736007913912094,0.0,0.021999072749443148,0.0,0.018272834553985054,0.019848942200682455,0.0,0.0,0.03573226948866946,0.0,0.0,0.0,0.0,0.0,0.0,0.016308221236578765,0.016955614840613652,0.020401762571712445,0.0,0.027035137887369363,0.025817831748929647,0.0,0.0,0.0,0.0,0.0,0.0,0.0,0.0,0.0158758622515343,0.0055505283990612345,0.0,0.026281465947380272,0.0,0.0,0.0,0.02667951665417254,0.0,0.0,0.0,0.0,0.0,0.0,0.022177828564257086,0.023498567726485124,0.0,0.0,0.0,0.027828662000874166,0.007052635847876129,0.0,0.0
10,WilInPar,0.0,0.013162832198905962,0.02804404457067963,0.0,0.0,0.003929030895228298,0.00948041080831721,0.014991352151806499,0.003911617624729628,0.010475318459652065,0.0,0.0,0.0,0.012528161592100106,0.01397350813940555,0.009461455904774726,0.0,0.0,0.006403942115985498,0.0,0.0,0.011234297447921418,0.02897974488184709,0.011521065745816779,0.02056879049830843,0.011402283364740102,0.009570057980763142,0.009358830274054538,0.0,0.0,0.016642893157241677,0.0,0.0,0.0,0.0,0.0,0.013485739935765717,0.01665096292648009,0.008968819601348635,0.0,0.009498412826990538,0.0,0.01253293599573354,0.010366555710840096,0.0,0.018666971890715707,0.015779667766402487,0.025924454396344204,0.01665096292648009,0.012150952899306313,0.005005578001655376,0.02229487794423229,0.0,0.01305302469978077,0.014075748573519405,0.010969620430909462,0.013487885552591485,0.011255004876323905,0.015779667766402487,0.01544555474170242,0.01665096292648009,0.0,0.018022600905218514,0.016803671198025824,0.017073579453307928,0.01824256973363748,0.011225373032935807,0.012683070828774436,0.004401106903391102,0.0037260865586460573,0.005088869447228011,0.006674277921696796,0.0,0.022047459167981048,0.03298801006958712
11,BarMun,0.0,0.03941629175533134,0.0,0.0,0.0,0.020895848281230884,0.02073390485092551,0.0,0.0,0.0,0.0,0.0,0.0,0.02598283978089858,0.0,0.014391528978115284,0.0,0.0,0.0,0.0,0.017328213736900556,0.024068906166423727,0.0,0.008310043128786491,0.0,0.022211341154600713,0.0,0.0,0.0,0.0,0.0,0.0,0.0,0.0,0.0,0.0,0.0,0.0,0.01870102655992242,0.02244766647212756,0.014903952473947437,0.0,0.027488922381733394,0.017154906957492944,0.0,0.0,0.0,0.0,0.0,0.0,0.0,0.0,0.0,0.0,0.0,0.028359733319366268,0.0,0.0,0.0,0.0,0.0,0.0,0.0,0.0,0.0,0.0,0.02351557303600088,0.02839653221879516,0.0,0.0,0.0,0.0410678788599865,0.012651584659421605,0.0,0.0
12,WilTet,0.0,0.01926657032495409,0.0,0.0,0.0,0.0,0.013570528957554218,0.0,0.0,0.01197766570450467,0.0,0.0,0.0,0.014145140707365153,0.0,0.014884030306945795,0.0,0.0,0.0,0.0,0.010322687763987088,0.012412658408678586,0.0,0.01026982774725448,0.0,0.01292220005888054,0.0,0.0035541255215481645,0.0036481955517149696,0.0,0.004311128893214495,0.0,0.0,0.0,0.0,0.010984363782687866,0.016527982883325763,0.0,0.014297297758207055,0.008676767088980766,0.01208845145890803,0.0,0.014865745514542108,0.014291538768607635,0.0,0.0,0.0,0.0,0.0,0.019879812491608237,0.00395590472369508,0.0,0.0,0.01940921258504126,0.012793370707206585,0.011182996954427512,0.0,0.003848704197959787,0.0,0.017305727527973967,0.0,0.0,0.017985844090266764,0.010984363782687866,0.023977492264127206,0.029339869299951592,0.013412232030556444,0.014672989803896402,0.0,0.0,0.0,0.0,0.0,0.01910335780451383,0.0
13,BarSig,0.0,0.04298509768229497,0.0,0.0,0.0,0.024926809909367693,0.01899436482979793,0.0,0.0,0.0,0.0,0.0,0.0,0.02594963013786143,0.0,0.0,0.05615169383593501,0.0,0.0,0.0,0.0,0.02594963013786143,0.0,0.0,0.0,0.008994188423150633,0.0,0.0,0.0236281803828952,0.0,0.0,0.0,0.0,0.0,0.0,0.0,0.0,0.0,0.03726592165116822,0.0141807586449608,0.007450478014196617,0.0,0.019854320019854852,0.0,0.0,0.0,0.0,0.0,0.0,0.0,0.0,0.0,0.0,0.0,0.0,0.02701689510784583,0.0,0.0,0.0,0.0,0.0,0.0,0.0,0.0,0.0,0.0,0.03197807729536885,0.021855045834232024,0.0,0.0,0.0,0.0321065461591588,0.0,0.0,0.0
14,AristPhaP,0.04697641068825786,0.0,0.0,0.0,0.0,0.0,0.027415784712062706,0.0,0.0,0.0,0.0,0.0,0.0,0.027415784712062706,0.02260664294349481,0.018197410088717655,0.0,0.0,0.0,0.03050065960866022,0.0,0.0,0.0,0.0,0.0,0.0,0.0,0.0,0.0,0.0,0.0,0.0,0.0,0.0,0.0,0.0,0.0,0.0,0.0,0.0,0.0,0.07846159605869625,0.037751064014184876,0.0,0.0,0.0,0.0,0.0,0.0,0.0,0.0,0.0,0.0,0.0,0.0,0.0,0.0,0.0,0.0,0.0,0.0,0.0,0.0,0.0,0.0,0.0,0.03319994722414905,0.0,0.0,0.0,0.0,0.020494182623006146,0.0,0.0,0.0
15,BarPri,0.0,0.06599788709554949,0.0,0.0,0.0,0.01828292501281447,0.011204410071270883,0.0,0.0,0.0,0.0,0.0,0.0,0.05457893366580128,0.0,0.012591938914629647,0.0,0.0,0.0,0.0717137192584719,0.0,0.03994315448431271,0.0,0.0,0.0,0.013844369100380933,0.0,0.0,0.0,0.0,0.0,0.021768982537437833,0.0,0.0,0.0,0.0,0.0,0.0,0.020825720918355717,0.04941729084527376,0.03378429198851372,0.0,0.047808026732504116,0.0,0.0,0.0,0.0,0.0,0.0,0.0,0.0,0.0,0.0,0.0,0.0,0.056619748543156226,0.0,0.0,0.0,0.0,0.0,0.0,0.0,0.0,0.0,0.0,0.04986660175484863,0.061966871377082434,0.0,0.0,0.0,0.04177660312865903,0.0,0.0,0.0
16,WilInTim,0.0,0.045585855449403204,0.0,0.0,0.0,0.0,0.034288184597786736,0.0,0.0,0.02493554516010771,0.0,0.0,0.0,0.0405370217862997,0.0,0.017643359616989453,0.0,0.0,0.0,0.0,0.0,0.03316957425353657,0.0,0.03461685562427774,0.0,0.022057366065104476,0.0,0.011272503340849255,0.0,0.0,0.013673466104940316,0.0,0.0,0.0,0.0,0.0,0.026330896486613273,0.0,0.008212243137068649,0.008607408366602487,0.032603730537826,0.0,0.03905667882495589,0.02714005139814115,0.0,0.0,0.0,0.0,0.0,0.029940389727305988,0.0,0.0,0.0,0.0,0.030501894109234227,0.024766724392006896,0.0,0.0,0.0,0.0,0.0,0.05663257268399314,0.04822168890504726,0.0,0.03368672646925353,0.0,0.03445044416749992,0.029247072199923736,0.0,0.0,0.0,0.0,0.0,0.021702977646694002,0.0
17,JamMetaph,0.0,0.03822671801467986,0.0,0.01562203932040091,0.0,0.0,0.026381027372536676,0.0,0.0,0.0,0.0,0.0,0.0,0.03632044976170934,0.01782124791205775,0.01678284570628852,0.0,0.0,0.0,0.03666706519847603,0.0,0.030036067591678726,0.0,0.012334196659057571,0.0,0.02245836596251275,0.0,0.008060442830588833,0.019743687330629155,0.0,0.0,0.04673136372418518,0.0,0.0,0.0,0.0,0.0,0.0,0.0,0.01291644945847468,0.02030186456708786,0.020912100634503574,0.03353160602794568,0.03342612833642799,0.020912100634503574,0.0,0.0,0.0,0.0,0.0,0.008971642581354564,0.0,0.011896287607423957,0.0,0.0,0.033989154593036794,0.0,0.031763589251482684,0.0,0.037496303395023606,0.0,0.0,0.0,0.0,0.0,0.0,0.026446715406481826,0.03081892084499594,0.0,0.0,0.0,0.04003051285435579,0.023275017525834454,0.0,0.0
18,BurNemP,0.0,0.029430553505976103,0.0,0.0,0.0,0.0,0.041478948010132265,0.0,0.0,0.0,0.04781080579440976,0.0,0.0,0.041478948010132265,0.0,0.03307516679715345,0.0,0.0,0.0,0.0,0.04936127881079375,0.017382159001819938,0.0,0.0,0.0,0.0,0.0,0.0,0.0,0.0,0.0,0.0,0.0,0.0,0.0,0.0,0.0,0.0,0.0,0.0,0.04245551010735208,0.0,0.06785772762351225,0.0,0.0,0.0,0.0,0.0,0.0,0.0,0.029153566433881638,0.0,0.0,0.0,0.0,0.0,0.0,0.0,0.0,0.0,0.0,0.0,0.0,0.0,0.0,0.0,0.0405253659906423,0.0,0.0,0.0,0.0,0.06481086942723013,0.0,0.0,0.0
19,WilCael,0.0,0.033462322490120204,0.0,0.007204714434414465,0.0,0.01626441495028556,0.016893708536974236,0.0,0.0,0.015831532517669753,0.0,0.0,0.0,0.031113529047376968,0.009873759972932614,0.01980423649581408,0.0,0.0,0.018809233442175673,0.0,0.007005606191455504,0.02662912542082589,0.0,0.03165222266432048,0.0,0.022358922589158097,0.0,0.0,0.01355845544620322,0.0,0.0,0.0,0.0,0.0,0.0,0.0,0.03676889076352575,0.0,0.014120369107970673,0.027483164291806136,0.024131324572647224,0.0,0.029137222477604686,0.02800696963973279,0.009644433111788458,0.0,0.0,0.0,0.0,0.0,0.014702051242957918,0.0,0.0,0.014303642349742674,0.0,0.015502986801287876,0.0,0.03361415081894544,0.0,0.02723396106791745,0.0,0.0,0.0,0.0,0.0,0.0,0.021533596730478003,0.030481323536717266,0.026606151145007157,0.0,0.0,0.013795242799631704,0.0,0.0,0.0
20,BurGen,0.0,0.04080160164618211,0.0,0.015888467697608488,0.0,0.0,0.017394078374583743,0.0,0.0,0.01813433714548118,0.0,0.0,0.0,0.03764132892626552,0.018125183017048997,0.0,0.0,0.0,0.019765332675631374,0.0,0.04074828061112531,0.031794528585253334,0.0,0.0,0.0,0.0,0.0,0.013880269631146525,0.02478951529371073,0.0,0.0,0.0,0.0,0.0,0.0,0.0,0.036904854836360364,0.0,0.028294979845433135,0.02919261152541958,0.025204828831556413,0.0,0.03312018957425321,0.03720064743035121,0.0,0.0,0.0,0.0,0.0,0.009124650785009203,0.041301459114173524,0.0,0.0,0.0,0.0,0.006114090922092613,0.0,0.0,0.0,0.0,0.0,0.0,0.0,0.0,0.0,0.0,0.029631241530645173,0.033116819069949927,0.023729328661065238,0.0,0.0,0.027849676928914116,0.0,0.0,0.0
21,BurP,0.0,0.020740609476663705,0.0,0.0,0.0156577545873333,0.0,0.02911584745824424,0.0,0.0,0.0,0.0,0.0,0.0,0.027390068694200007,0.016642816895373395,0.023309079721384653,0.0,0.0,0.0,0.013261885679539617,0.030813211013811785,0.022509982658156284,0.0,0.0,0.0,0.02075918058107091,0.0,0.0,0.0,0.0,0.042500025501356245,0.0,0.0,0.0,0.0,0.0,0.0,0.0,0.0,0.013715879963662282,0.025113052054568864,0.0,0.025506263105347354,0.014043972468165647,0.04241973420438426,0.0,0.0,0.0,0.0,0.0,0.0,0.0,0.0,0.0,0.013678899331148901,0.013396777435443909,0.0,0.0,0.0,0.0,0.0,0.0,0.0,0.0,0.0,0.0,0.030499706883613562,0.0,0.0,0.0,0.0,0.032427655287403254,0.0,0.0,0.0
22,WilHis,0.0,0.022046651759657754,0.0,0.004227520228783137,0.0,0.01732576037425209,0.01443669253917107,0.0,0.0,0.0065911709633776445,0.0,0.0,0.0,0.01745118029292106,0.0,0.009819370532067112,0.0,0.0,0.0,0.0,0.0,0.015271862044426272,0.0,0.0033377886723061395,0.0,0.013707554690119372,0.0,0.010310496507846361,0.007955713608312825,0.0,0.0,0.0,0.0,0.0,0.0,0.0,0.02690519030090836,0.0,0.010612757717835106,0.0151420001373525,0.011354869393692006,0.0,0.015870242242918383,0.010706943619391054,0.0,0.0,0.0,0.0,0.0,0.0,0.0,0.0,0.0,0.010435909910562698,0.013293942752270591,0.017610740469639983,0.0,0.008392967955811934,0.0,0.015330147897338674,0.0,0.0,0.0,0.0,0.0,0.0,0.01572830079171238,0.013078128738189896,0.022895756100418566,0.0,0.0,0.00809465365037159,0.0,0.0,0.0
23,AnonPhys,0.0,0.0434521932529403,0.0,0.0,0.0,0.0,0.016754574642543846,0.0,0.0,0.0,0.0,0.0,0.0,0.04417030800585203,0.048679253727469514,0.025048562412695992,0.0,0.041970727445601944,0.0,0.0,0.02810097438768617,0.0290529403581404,0.0,0.03956601017758887,0.0,0.02070225152380109,0.0,0.0,0.012348706077988691,0.0,0.04819348895106824,0.07021008088404972,0.0,0.0,0.0,0.0,0.0,0.0,0.020914213986676734,0.03798879859076327,0.0418969323758011,0.018434024162984317,0.03876879510781278,0.031959827332186524,0.0,0.0,0.0,0.0,0.0,0.013390264861891439,0.0,0.0,0.0,0.0,0.0,0.015191460186168192,0.0,0.013027403889954586,0.0,0.013027403889954586,0.0,0.05527122262152599,0.03868586963804376,0.021959555250282342,0.09900207721622392,0.0,0.04104945170618992,0.0,0.0,0.0,0.0,0.0,0.0,0.0,0.0
24,Myst5,0.0,0.06461982725300702,0.0,0.0,0.0,0.0,0.027082672262495958,0.0,0.0,0.0,0.0,0.0,0.10154164143621913,0.06144347052848076,0.0,0.0,0.0,0.0,0.0,0.024308746509057844,0.0,0.03602776327437218,0.0,0.0,0.0,0.015945695875542964,0.0,0.032925238184315364,0.0,0.0,0.0,0.0,0.0,0.0,0.0,0.0,0.0,0.0,0.01416692647037698,0.014848625326221358,0.0,0.0,0.04833052428916132,0.05021188886090803,0.0,0.0,0.0,0.0,0.0,0.0,0.0,0.0,0.028700321836716048,0.0,0.0,0.04636988922012408,0.0,0.0,0.0,0.0,0.0,0.0,0.0,0.0,0.09409150794683788,0.0,0.037143088378677164,0.04572547366640535,0.0,0.0,0.0,0.0,0.0,0.0,0.0
25,WilElem,0.0,0.024900481244577975,0.06590615673897159,0.0,0.0,0.0,0.01404893199865987,0.012032518534329002,0.0,0.014910371743042996,0.0,0.0,0.0,0.02508959033948786,0.029327332588804454,0.013471819549566494,0.0,0.0,0.0,0.0,0.0,0.018603665058249643,0.0,0.0193196025597533,0.0,0.01660159575985632,0.0,0.014145626541592689,0.0,0.0,0.019650589289835003,0.0,0.0,0.0,0.0,0.0,0.01183557776526492,0.0,0.010305370597209226,0.0065507486684958545,0.0171063559894846,0.0,0.024223202614549525,0.01655146920665627,0.0,0.0,0.0,0.06188486391985724,0.0,0.01736717641316689,0.0,0.0,0.0,0.01689654565432241,0.0,0.016233818006995346,0.0,0.024994676940773494,0.0,0.0,0.0,0.03945575786573474,0.007764048445358487,0.019409924040788205,0.033071161355163886,0.0,0.018414388223898105,0.02229372240311362,0.0,0.0,0.012032518534329002,0.004255924468810474,0.0,0.03617335127729672,0.0
26,WilSimp,0.0,0.01765400588972881,0.0,0.0033951400714696323,0.0,0.0032118507455760046,0.013340679770848261,0.0,0.0,0.011145337692534259,0.0,0.0,0.0,0.016233004568022055,0.016712162885274,0.01388773844854546,0.0,0.004930736139603243,0.011021146554539554,0.0,0.0,0.014388356653638691,0.0,0.013951661296211174,0.0,0.014698262253633692,0.0,0.01118956093845758,0.0,0.0,0.02438434623174175,0.00802564637546539,0.0,0.0,0.0,0.0,0.016149427826722636,0.0,0.01266189543350689,0.004752890737055534,0.013734263597088977,0.0,0.017559554108340317,0.0143995054190567,0.0,0.0,0.0,0.0,0.0,0.016149427826722636,0.0,0.0,0.004377499819625427,0.021455717374847874,0.017735351477112558,0.014251191161100867,0.0,0.01987295971365602,0.0,0.02147756678390842,0.0,0.0,0.0,0.0,0.0,0.0,0.015132762912323064,0.016484234483508758,0.015455377245718997,0.014397780914620474,0.0,0.01370158993038661,0.019236348575131842,0.0,0.0
27,Myst4,0.0,0.041972105873301836,0.0,0.0,0.0,0.02803334703699366,0.0322902420750371,0.0,0.0,0.0,0.0,0.0,0.0,0.0322902420750371,0.011429208741467092,0.02195400136921549,0.0,0.0,0.0,0.0,0.0,0.01386055979512219,0.0,0.0,0.0,0.0,0.0,0.01233561964697854,0.026572874063498206,0.0,0.0,0.0,0.0,0.0,0.0,0.0,0.0,0.0,0.015215881170832744,0.0,0.014186886714957735,0.0,0.029105439989965225,0.016329542249750133,0.0,0.0,0.0,0.0,0.0,0.0,0.013730110468898625,0.0,0.0,0.0,0.0,0.0,0.0,0.0,0.0,0.0,0.0,0.0,0.0,0.0,0.0,0.0,0.03154790419703179,0.0,0.0,0.0,0.0,0.04238817101577751,0.0,0.0,0.0
28,JamAnim,0.0,0.03618256563746099,0.0,0.019007857396376796,0.0,0.0,0.025791154012805274,0.0,0.0,0.0,0.0,0.0,0.0,0.03221650644094827,0.025431119222092805,0.015981800437519168,0.0,0.0,0.009909032736590736,0.02678707863931308,0.0,0.02684043236289529,0.0,0.01319819387759449,0.0,0.02115825785791955,0.0,0.0194268790001319,0.01863877445148927,0.0,0.0,0.03539032117246459,0.0,0.0,0.0,0.0,0.0,0.0,0.008583436039239724,0.012679469623302804,0.019748335081848947,0.0,0.030215911525153714,0.029737584786155097,0.010662746486035752,0.0,0.0,0.0,0.0,0.0,0.0,0.0,0.0,0.0,0.0,0.0325823933494619,0.0,0.02742178406318598,0.0,0.032086497466136336,0.0,0.0,0.0,0.0,0.0,0.0,0.026367772869932467,0.026409426415966566,0.0,0.0,0.0,0.03264340155702498,0.009574672773657941,0.0,0.0
29,Myst1,0.0,0.035683355405651214,0.0,0.0,0.0,0.0,0.02366225978924235,0.0,0.0,0.009088035079003633,0.0,0.0,0.0,0.022259730616353397,0.020845190772248903,0.01349474321575698,0.0,0.0,0.0,0.0,0.0,0.023141742110580912,0.0,0.02715514432998975,0.0,0.007069895175158067,0.0,0.0,0.0,0.0,0.010458320748495382,0.0,0.0,0.0,0.0,0.0,0.0,0.0,0.01498887896371268,0.0,0.016349825746802462,0.0,0.027992036964524923,0.02966831533690418,0.0,0.0,0.0,0.0,0.0,0.04191113130652699,0.0,0.0,0.0,0.022279708184571194,0.0,0.006430317447688947,0.0,0.0,0.0,0.0,0.0,0.016599792597177913,0.0,0.0,0.0,0.0,0.02687024591981483,0.01939435064797907,0.0,0.0,0.0,0.02133403138505409,0.02489630100281529,0.0,0.0
30,Myst3,0.0,0.032987438272075835,0.0,0.008632908951464877,0.0,0.01382768671133228,0.02250471227790243,0.0,0.0,0.00794949116576202,0.0,0.0,0.0,0.0299817046769646,0.030017603945599835,0.02651257446038174,0.012537508103006387,0.0,0.0,0.01596232359555696,0.014212838494611323,0.024167019366851825,0.0,0.011540510338042629,0.0,0.006184182691771069,0.0,0.01276931967667731,0.0,0.0,0.02183007905740909,0.009724051999002647,0.0,0.0,0.0,0.0,0.0,0.0,0.021672036121373816,0.020956269774034333,0.025557394813633068,0.0,0.02901880845219537,0.01237438398671422,0.054471237974245225,0.0,0.0,0.0,0.0,0.03395106158236282,0.008394331371659583,0.0,0.0,0.025149351086022297,0.0,0.02892874882648624,0.0,0.00816685452398727,0.0,0.029114422787770263,0.0,0.0,0.0,0.0,0.0,0.0,0.022133316369648683,0.023010256746426684,0.009148108218788318,0.041926650654749216,0.0,0.029034997936646146,0.0,0.0,0.0
31,Myst2,0.0,0.06462634018873464,0.0,0.0,0.0,0.0,0.0,0.0,0.0,0.0,0.0,0.0,0.0,0.05955781357596325,0.0,0.02430073160511076,0.0,0.0,0.0,0.0,0.0,0.03762188232562219,0.0,0.017392146697260736,0.0,0.015779934573407945,0.0,0.0,0.0,0.0,0.0,0.0,0.0,0.0,0.0,0.0,0.03626633829007247,0.0,0.041300647257492204,0.038343781243823004,0.041792706490476554,0.0,0.05104511925468102,0.0,0.0,0.0,0.0,0.0,0.0,0.021419483613987253,0.0,0.0,0.0,0.0,0.0,0.01435240355010023,0.0,0.0,0.0,0.035283561706020074,0.0,0.0,0.0,0.0,0.0,0.0,0.029774484530255985,0.043287994621787194,0.03952290810163453,0.0,0.0,0.0,0.026478588972330165,0.0,0.0
32,WilGenA,0.0,0.02373290510201959,0.0,0.0,0.0,0.018981316609381644,0.015833131881375178,0.0,0.0,0.004339056861230422,0.0,0.0,0.0,0.02166211559913272,0.0,0.010944883038417662,0.0,0.0,0.0,0.0,0.0,0.018115363184522462,0.0,0.01735018200293532,0.0,0.014500604317543912,0.0,0.004116508894577997,0.016667084901128275,0.0,0.0,0.0,0.0,0.0,0.0,0.0,0.02148380428050531,0.0,0.010190147575989131,0.019668970568559534,0.016731062105643152,0.0,0.020134922595014815,0.017070892691656188,0.0,0.0,0.0,0.0,0.0,0.007757768780625036,0.0,0.0,0.0,0.0,0.011138725321742001,0.01656169811529164,0.0,0.0,0.0,0.020044081410218902,0.0,0.0,0.0,0.0,0.0,0.0,0.018171132544739427,0.01919260897199216,0.025837246797664817,0.0,0.0,0.009022476252473911,0.0,0.0,0.0
33,BarHom,0.0,0.06525481337837913,0.0,0.0,0.0,0.0,0.03037119402505917,0.0,0.0,0.0,0.0,0.0,0.0,0.053175536763657404,0.0,0.014303471805594499,0.0,0.0,0.0,0.0,0.0,0.04324618885599665,0.0,0.0,0.0,0.043903588919076114,0.0,0.0,0.0,0.0,0.023263283216869848,0.02472788583805476,0.0,0.0,0.0,0.0,0.0,0.0,0.04302552245243915,0.024794737186023055,0.022056616549079186,0.0,0.05142383735307133,0.0,0.0,0.0,0.0,0.0,0.0,0.0,0.0,0.0,0.0,0.0,0.0,0.0,0.0,0.020767993254856232,0.0,0.0,0.0,0.0,0.0,0.0,0.0,0.0,0.012434750157549811,0.051033569610139586,0.0,0.0,0.0,0.06077177846274664,0.0,0.0,0.0
34,BurX,0.0,0.011247228689669594,0.0,0.0,0.012869898347184472,0.011792214207781574,0.010377554650692436,0.0,0.0,0.010121442470996955,0.02021102376696656,0.021571573955085317,0.014799499463782896,0.01169979710879991,0.007273195244254759,0.003985499233840626,0.0034044365071816242,0.0,0.0,0.011938592625242947,0.010179188516561868,0.01062474225211809,0.0,0.007094590062139192,0.0,0.0035241025263024416,0.0,0.005343847156048378,0.0,0.0,0.016139475520742894,0.0,0.003560828352780965,0.021102389582898298,0.0,0.0037381308040348392,0.009523446638389898,0.0,0.00900671151250911,0.008184678992848126,0.010213157784023562,0.009244227035178723,0.010291881656805295,0.013694885759241845,0.0,0.0,0.0,0.0,0.0,0.005439314076459232,0.015572577772829256,0.0,0.005117458447936803,0.00983293724282143,0.002640470287329169,0.010043710941532688,0.0,0.009607221019612087,0.0,0.0,0.0,0.0,0.012028572710574881,0.0037381308040348392,0.022513497638607962,0.007587308149594318,0.010936178572894494,0.011147841076980866,0.0024840784417298287,0.0,0.0,0.0,0.0,0.0,0.0
35,BarPue,0.0,0.03937506471940299,0.0,0.010716666667130318,0.0,0.021275980968217055,0.01621241330485211,0.0,0.0,0.0,0.0,0.0,0.0,0.03269698077550132,0.0,0.011822219635804366,0.03713964974498642,0.0,0.0,0.0,0.0,0.013038658489786253,0.0,0.0,0.0,0.021432008398985333,0.0,0.015851498412682612,0.016271053356600455,0.0,0.0,0.0,0.0,0.0,0.0,0.0,0.0,0.0,0.03507881685496099,0.017058925009044438,0.026828955908187284,0.0,0.02875839755687803,0.00731971107393221,0.0,0.0,0.0,0.0,0.0,0.010420502719219092,0.010420502719219092,0.0,0.0,0.0,0.0,0.028240446624901255,0.0,0.010138118928923225,0.0,0.038861572761977416,0.0,0.0,0.0,0.0,0.0,0.0,0.02062575717282264,0.03235763617908778,0.0,0.0,0.0,0.029158886574851623,0.0,0.0,0.0
36,BurMat,0.0,0.013718230565519232,0.0,0.0030026847380457454,0.014355680435011304,0.013653720987372943,0.012657390135708482,0.0,0.0,0.009395110584489894,0.0,0.019588764452459953,0.0,0.014086164183612374,0.009586632084261682,0.005105065206868011,0.004360776239581926,0.0,0.0,0.009659918707137897,0.011666351752278994,0.011923354949391094,0.0,0.012442787563150882,0.0,0.0021509726432035097,0.0,0.00444140457451252,0.009383440848204408,0.0,0.0,0.0,0.014582861321273293,0.01554594645333112,0.0,0.0,0.012751207005559904,0.0,0.009498367008241877,0.011103135330467308,0.010297196912032092,0.0040194781313666016,0.012484387609328627,0.014733952901272053,0.0,0.0,0.0,0.0,0.0,0.006967270951950668,0.01730582073121009,0.0,0.0,0.004809524122636558,0.0,0.00791264305497833,0.0,0.010888558453231292,0.0,0.0,0.0,0.008551046851435902,0.01585458621726951,0.0,0.010428211903402112,0.0,0.012537541528740242,0.013102051618551061,0.0,0.0,0.0,0.0,0.0,0.0,0.0
37,AristMen,0.05112819107934063,0.025502860006122022,0.0,0.03268550629462026,0.02868848626893813,0.0,0.02104983542891112,0.0,0.0285356492395861,0.016478080010279793,0.0,0.0,0.0,0.022228416694775828,0.03362012766761294,0.02514698698014821,0.0,0.034571982875644496,0.017960112390433304,0.02599647487129255,0.008291272214419526,0.02654378373747919,0.0,0.029165828476885394,0.0,0.0159391201177736,0.0,0.0,0.007646337443245955,0.0,0.026618639511847033,0.030708279156221305,0.05175454241192732,0.03648092049079317,0.0,0.035481544344217485,0.0,0.0,0.01598707584248071,0.02069898477941298,0.019958356387395654,0.04232507769067988,0.023626691391255797,0.03104655377777137,0.05352063117123226,0.0,0.0,0.0,0.0,0.0,0.01978541613177934,0.0,0.051271779110673,0.0,0.009604667552570246,0.0,0.0,0.029911313822479458,0.0,0.025790693897623375,0.0,0.0,0.0,0.0,0.0,0.0,0.020565909352161797,0.029934161736692964,0.03148890127314048,0.02718218120341189,0.0,0.03237552083436142,0.010249602323743816,0.0,0.0
38,BurMatP,0.0,0.02920822089241989,0.0,0.0,0.0383652344768198,0.0,0.02920822089241989,0.0,0.0,0.0,0.0,0.0,0.0,0.0,0.0,0.0,0.0,0.0,0.0,0.0,0.028933326314428454,0.04116559600617548,0.0,0.0,0.0,0.0,0.0,0.0,0.0,0.0,0.0,0.0,0.0,0.0,0.0,0.0,0.0,0.0,0.0,0.0,0.01765699209964411,0.0,0.016854256734228783,0.0,0.0,0.0,0.0,0.0,0.0,0.0,0.0,0.0,0.0,0.0,0.0,0.0,0.0,0.0,0.0,0.0,0.0,0.0,0.06744100939060205,0.0,0.03701617413198719,0.0,0.04398013650819434,0.0,0.0,0.0,0.0,0.0,0.0,0.0,0.0
39,WilAlex,0.0,0.017946831048259854,0.0,0.0,0.0,0.011139805698825053,0.013765987799740701,0.0,0.0,0.013119113596080601,0.0,0.0,0.0,0.01698800573802095,0.006056604768325599,0.009503958167971541,0.0,0.0,0.0,0.0,0.0,0.013130090108836092,0.0,0.01580731706817611,0.0,0.016099760170684287,0.0,0.003114883640849902,0.013735199008123918,0.0,0.0,0.0,0.0,0.0,0.007396975443778035,0.0,0.013289782723421385,0.0,0.014292486629946503,0.013107298875278249,0.014454851484272817,0.0,0.01646751183900193,0.01396961137587699,0.0,0.0,0.0,0.0,0.0,0.00904694306678248,0.0,0.0,0.004597210405684784,0.01806848085189088,0.0,0.010145726266241861,0.0,0.012024775153414748,0.0,0.017069159552330734,0.0,0.0,0.0,0.0,0.0,0.0,0.015164736940734646,0.015482248880149778,0.018325466077352342,0.0,0.0,0.008364975863944012,0.01976187379778909,0.0,0.0
40,BurEthV,0.0,0.03815187464447109,0.0,0.0,0.0,0.0,0.01746938773556844,0.0,0.0,0.0,0.0,0.0,0.0,0.03367353154886479,0.0,0.005944663563106742,0.0,0.03457671464108813,0.03628924623405773,0.0,0.036294901876416145,0.02819750135550911,0.0,0.0,0.0,0.0,0.0,0.007970738823793413,0.0,0.0,0.0,0.0,0.0,0.0,0.0,0.0,0.0,0.0,0.022904733706112273,0.026580504836397584,0.011362194244116216,0.0,0.02641301895782046,0.033137781930406,0.0,0.0,0.0,0.0,0.0,0.0,0.015021259613257672,0.0,0.0,0.008631382258725619,0.02156775866232676,0.005944663563106742,0.0,0.0,0.0,0.0,0.0,0.0,0.0,0.0,0.0,0.0,0.02649705340231361,0.029254605259169383,0.0,0.0,0.0,0.027077935508840384,0.0,0.0,0.0
41,BurFid,0.0,0.01631913519920693,0.0,0.0,0.007782688159652765,0.009935360564843612,0.012753420624196623,0.0,0.0,0.0032828319202629404,0.01674747333376184,0.019811663708307482,0.0,0.016056254521369766,0.012287203819792194,0.003932835469599678,0.0,0.005177505194089901,0.0,0.009290406792437528,0.01598390230437934,0.013995504557617047,0.0,0.010618889004231233,0.0,0.0,0.0,0.005273234394571418,0.007628720911973012,0.028627565065597535,0.01840249300074171,0.0,0.012922613597880609,0.02014241998344805,0.007395962720605266,0.0,0.014335830040797715,0.0,0.01119003652324186,0.012515302546812114,0.012261016178647006,0.0,0.014690123828123151,0.01573949306243015,0.0,0.0,0.0,0.0,0.0,0.0034665336939848157,0.01886713396523248,0.0,0.0,0.020551748822522066,0.0,0.012224131678104742,0.0,0.0,0.0,0.0,0.0,0.0,0.0,0.0,0.0,0.0,0.01422137907751626,0.012192958630627922,0.01709974966883122,0.0,0.0,0.017318743204019892,0.004285300359987097,0.0,0.0
